DATA_CENTER_BUILDING_NAME,PROVIDER_NAME,TOT_POWER_MW,County
Enterprise Data Center 1 NoVa,Carter Funds,8.49769999999999,Loudoun County
Clarksville - AI Data Center 1,TECfusions,80.0,Mecklenburg County
VIN1 Data Center 1,OVHCloud,12.0,Loudoun County
Amazon AWS IAD - John Marshall 2 Building 1,Black Chamber,60.0,Loudoun County
Gainesville Crossing Building 2,Corscale,72.0,Prince William County
Gainesville Crossing Building 1,Corscale,72.0,Prince William County
Yondr NOV1B,Yondr,48.0,Prince William County
Yondr NOV1A,Yondr,48.0,Loudoun County
VA-1 - Northern Virginia Data Center,Iron Mountain Data Centers,12.0,Loudoun County
VA-2 - Northern Virginia Data Center,Iron Mountain Data Centers,32.0,Loudoun County
VA-3 - Northern Virginia Data Center,Iron Mountain Data Centers,14.495,Loudoun County
VA-4 - Northern Virginia Data Center,Iron Mountain Data Centers,15.586,Loudoun County
VA-5 - Northern Virginia Data Center,Iron Mountain Data Centers,23.9,Loudoun County
VA-7 - Northern Virginia Data Center,Iron Mountain Data Centers,36.0,Loudoun County
VA-6 - Northern Virginia Data Center,Iron Mountain Data Centers,32.0,Loudoun County
US Gov East us-langley-1,Oracle,,Fairfax County
Ashburn Data Center,Mosaic Data Services,,Loudoun County
US DoD East us-gov-ashburn-1,Oracle,,Loudoun County
US East us-ashburn-1,Oracle,,Loudoun County
SDC Ashburn Data Center Building B,Sabey Data Centers,23.0,Loudoun County
SDC Ashburn Data Center Building C,Sabey Data Centers,7.0,Loudoun County
Virginia Data Center Building 2,H5 Data Centers,3.0,Loudoun County
Virginia Data Center Building 3,H5 Data Centers,8.0,Loudoun County
Virginia Data Center Building 1,H5 Data Centers,3.0,Prince William County
Ashburn VA2 Virginia Data Center,NTT Communications,,Loudoun County
Ashburn Data Center,H5 Data Centers,42.0,Loudoun County
VA1 Herndon Data Center,365 Data Centers,0.83,Loudoun County
Asburn Data Center,Atlantic.net,2.0,Loudoun County
CTP-01 Richmond - AI Data Center,Chirisa Technology Parks,28.0,Chesterfield County
DCA2 - McLean Data Center,"Superb Internet, A CherryRoad Company",,Fairfax County
DCA2 McLean Data Center,HopOne @CherryRoad,0.125,Fairfax County
DCA3 - Springfield Data Center,"Superb Internet, A CherryRoad Company",,Fairfax County
Globalinx Virginia Data Center,Globalinx,0.9309,Franklin County
IAD02 Ashburn Data Center,Aligned Data Centers,120.0,Loudoun County
IAD01 Ashburn Data Center,Aligned Data Centers,60.0,Loudoun County
IAD-03 Data Center,Aligned Data Centers,72.0,Loudoun County
Amazon AWS IAD - John Marshall Building 4,Amazon AWS,33.0,Loudoun County
Amazon AWS IAD - John Marshall Building 3,Amazon AWS,42.0,Fairfax County
Amazon AWS IAD - John Marshall Building 2,Amazon AWS,42.0,Loudoun County
Amazon AWS IAD - John Marshall Building 1,Amazon AWS,71.5,Loudoun County
Amazon AWS IAD - 41992 John Mosby Building 1,Amazon AWS,45.0,Loudoun County
Amazon AWS IAD - 41992 John Mosby Building 2,Amazon AWS,45.0,Loudoun County
Amazon AWS IAD - 7060 Wellington Building 1,Amazon AWS,30.0,Loudoun County
Amazon AWS IAD - 41992 John Mosby Building 3,Amazon AWS,66.0,Loudoun County
Amazon AWS IAD - 41992 John Mosby Building 4,Amazon AWS,66.0,Loudoun County
Amazon AWS IAD - 7080 Wellington Building 2,Amazon AWS,27.5,Loudoun County
Amazon AWS IAD -Wellington Building 3,Amazon AWS,57.5234595959596,Loudoun County
Amazon AWS IAD - 7600 Doane,Amazon AWS,22.5,Loudoun County
Amazon AWS IAD - 11800 Brewers,Amazon AWS,32.5,Loudoun County
Amazon AWS IAD - 11801 Brewers,Amazon AWS,40.0,Loudoun County
Amazon AWS IAD - Bethlehem Building 2,Amazon AWS,50.0,Loudoun County
Amazon AWS IAD - Bethlehem Building 3,Amazon AWS,27.5,Loudoun County
Amazon AWS IAD - Mason Building 1,Amazon AWS,27.5,Loudoun County
Amazon AWS IAD - Bethlehem Building 4,Amazon AWS,27.5,Loudoun County
Amazon AWS IAD - Mason Building 3,Amazon AWS,5.0,Loudoun County
Amazon AWS IAD - Bethlehem Building 1,Amazon AWS,42.5,Loudoun County
Amazon AWS IAD -  Mason Building 2,Amazon AWS,35.0,Loudoun County
Amazon AWS IAD - 9651 Hornbaker,Amazon AWS,17.5,Loudoun County
Amazon AWS IAD - 11200 Thomasson,Amazon AWS,35.0,Loudoun County
Amazon AWS IAD - 11150 Thomasson,Amazon AWS,45.0,Loudoun County
Amazon AWS IAD - 24185 Upper Woodside,Amazon AWS,40.0,Loudoun County
Amazon AWS IAD - 24178 Upper Woodside,Amazon AWS,42.5,Loudoun County
Amazon AWS IAD - 42800 Fadeley,Amazon AWS,40.0,Loudoun County
Amazon AWS IAD - 9680 Innovation,Amazon AWS,60.0,Loudoun County
Amazon AWS IAD - 42949 Fadeley,Amazon AWS,27.5,Loudoun County
Amazon AWS IAD - 9040 Freedom Building 2,Amazon AWS,45.0,Loudoun County
Amazon AWS IAD - 9700 Innovation,Amazon AWS,60.0,Loudoun County
Amazon AWS IAD - 9720 Innovation,Amazon AWS,60.0,Loudoun County
Amazon AWS IAD - 9020 Freedom Building 1,Amazon AWS,45.0,Loudoun County
Amazon AWS IAD - 9740 Innovation,Amazon AWS,60.0,Loudoun County
Amazon AWS IAD - 10321 Tanner Building 1,Amazon AWS,60.0,Loudoun County
Amazon AWS IAD - 10301 Tanner Building 2,Amazon AWS,60.0,Loudoun County
Amazon AWS IAD - 10281 Tanner Building 3,Amazon AWS,60.0,Loudoun County
Amazon AWS IAD - 10261 Tanner Building 4,Amazon AWS,40.0,Loudoun County
Amazon AWS IAD - 23825 Erins Building 1,Amazon AWS,45.0,Loudoun County
Amazon AWS IAD - 23825 Erins Building 2,Amazon AWS,35.0,Loudoun County
Amazon AWS IAD - 23825 Erins Building 3,Amazon AWS,35.0,Loudoun County
Amazon AWS IAD - 25311 Prediction Building 4,Amazon AWS,35.0,Loudoun County
Amazon AWS IAD - 25316 Prediction Building 3,Amazon AWS,35.0,Loudoun County
Amazon AWS IAD - 43701 Clubber Building 2,Amazon AWS,27.5,Loudoun County
Amazon AWS IAD - 43736 Clubber Building 1,Amazon AWS,30.0,Loudoun County
Amazon AWS IAD - 25316 Prediction Building 5,Amazon AWS,35.0,Loudoun County
Amazon AWS IAD - Willard Building 1,Amazon AWS,60.0,Loudoun County
Amazon AWS IAD - 25420 Sutton Bay Building 3,Amazon AWS,35.0,Loudoun County
Amazon AWS IAD - 25410 Sutton Bay Building 2,Amazon AWS,35.0,Loudoun County
AWS Cosner Building 1,Amazon AWS,60.0,Fredericksburg City
Amazon AWS IAD - 25430 Sutton Bay Building 1,Amazon AWS,50.0,Loudoun County
Amazon IAD - Import Building 2,Amazon AWS,60.0,Loudoun County
Amazon IAD - Import Building 1,Amazon AWS,60.0,Loudoun County
Amazon IAD - Import Building 3,Amazon AWS,5.6475,Loudoun County
Amazon AWS IAD -  Smith Building 1,Amazon AWS,60.0,Loudoun County
Amazon AWS IAD -  Smith Building 2,Amazon AWS,27.5,Loudoun County
Amazon AWS IAD -  Smith Building 3,Amazon AWS,27.5,Loudoun County
Amazon AWS IAD - Mallory Building 2,Amazon AWS,50.0,Loudoun County
Amazon AWS IAD - 4101 Westfax,Amazon AWS,10.0,Fairfax County
Amazon AWS IAD - 4100 Westfax,Amazon AWS,17.5,Fairfax County
Amazon AWS IAD - 44854 Interconnection,Amazon AWS,27.5,Loudoun County
Amazon AWS IAD - Mallory Building 1,Amazon AWS,50.0,Loudoun County
Amazon AWS IAD - 20945 Loudoun,Amazon AWS,25.0,Loudoun
Amazon AWS IAD - 44858 Interconnection,Amazon AWS,27.5,Loudoun County
Amazon AWS IAD - 22520 Randolph,Amazon AWS,30.0,Loudoun County
Amazon AWS IAD - 20935 Loudoun,Amazon AWS,35.0,Loudoun
Amazon AWS IAD - 44862 Interconnection,Amazon AWS,30.0,Fairfax County
AWS IAD 230,Amazon AWS,60.0,Loudoun County
Amazon AWS IAD -Dulles Building 2,Amazon AWS,17.5,Loudoun County
Amazon AWS IAD -Dulles Building 1,Amazon AWS,27.5,Loudoun County
Amazon AWS IAD - 22630 Dulles,Amazon AWS,45.0,Loudoun County
Amazon AWS IAD - 22755 Relocation Building 2,Amazon AWS,35.0,Loudoun County
Amazon AWS IAD - 22745 Relocation Building 1,Amazon AWS,40.0,Loudoun County
Amazon AWS IAD - 45111 Loudoun Building 2,Amazon AWS,27.5,Loudoun County
Amazon AWS IAD - 45110 Loudoun Building 1,Amazon AWS,30.0,Loudoun County
Amazon AWS IAD - 21645 Charles View Building 2,Amazon AWS,55.0,Loudoun County
Amazon AWS IAD - 21641 Charles View Building 1,Amazon AWS,45.0,Loudoun County
Amazon AWS IAD - 21660 Charles View Building 3,Amazon AWS,45.0,Loudoun County
Amazon AWS IAD - 45210 Prologis,Amazon AWS,17.5,Loudoun County
Amazon AWS IAD - 45220 Prologis,Amazon AWS,17.5,Loudoun County
Amazon AWS IAD - 22370 Kipper,Amazon AWS,45.0,Loudoun County
Amazon AWS IAD - 22420 Kipper,Amazon AWS,45.0,Loudoun County
Amazon AWS IAD -  Severn Building 4,Amazon AWS,5.0,Loudoun County
Amazon AWS IAD -  Severn Building 3,Amazon AWS,27.5,Loudoun County
Amazon AWS IAD - Severn Building 2,Amazon AWS,27.5,Loudoun County
Amazon AWS IAD - Severn Building 1,Amazon AWS,25.0,Loudoun County
Amazon AWS IAD - 21205 Atlantic Blvd,Amazon AWS,60.0,Loudoun County
Amazon AWS IAD - 21195 Atlantic Blvd,Amazon AWS,60.0,Loudoun County
Amazon AWS IAD - 21215 Atlantic Blvd,Amazon AWS,57.5234595959596,Loudoun County
Amazon AWS IAD - 13600 EDS Building 2,Amazon AWS,60.0,Loudoun County
Amazon AWS IAD - 22945 International Building 1,Amazon AWS,27.5,Loudoun County
Amazon AWS IAD - 13600 EDS Building 3,Amazon AWS,60.0,Loudoun County
Amazon AWS IAD - 13600 EDS Building 1,Amazon AWS,60.0,Loudoun County
Amazon AWS IAD - 23005 International Building 3,Amazon AWS,35.0,Loudoun County
Amazon AWS IAD - 22868 International Building 2,Amazon AWS,42.5,Loudoun County
IAD 117 AWS Data Center,Amazon AWS,45.0,Loudoun County
Amazon AWS IAD - 22900 Platform Building 4,Amazon AWS,35.0,Loudoun County
IAD 116 AWS Data Center,Amazon AWS,45.0,Loudoun County
Amazon AWS IAD - 22900 Platform Building 3,Amazon AWS,35.0,Loudoun County
Amazon AWS IAD - 22900 Platform Building 2,Amazon AWS,50.0,Loudoun County
Amazon AWS IAD - 22890 Platform Building 1,Amazon AWS,50.0,Loudoun County
Amazon AWS IAD - 45900 Pathfinder Building 1,Amazon AWS,27.5,Loudoun County
Amazon AWS IAD - 45930 Pathfinder Building 2,Amazon AWS,27.5,Loudoun County
Amazon AWS IAD - 45950 Pathfinder Building 3,Amazon AWS,27.5,Loudoun County
IAD4 A - Ashburn Data Center ,Centersquare,10.0,Loudoun County
IAD4 B - Ashburn Data Center,Centersquare,10.0,Loudoun County
IAD3 Dulles Data Center ,Centersquare,4.0,Loudoun County
IAD2 B - Sterling Data Center ,Centersquare,4.0,Loudoun County
IAD2 A - Sterling Data Center ,Centersquare,16.0,Loudoun County
IAD1 B -  Sterling Data Center Campus,Centersquare,9.0,Fairfax County
IAD1 A -  Sterling Data Center Campus,Centersquare,9.0,Loudoun County
IAD1 C -  Sterling Data Center Campus,Centersquare,14.0,Loudoun County
MCC1 Northern Virginia,CloudHQ,55.0,Prince William County
MCC2 Northern Virginia,CloudHQ,60.0,Loudoun County
MCC6A Northern Virginia,CloudHQ,12.0,Loudoun County
LC4 Northern Virginia,CloudHQ,180.0,Loudoun County
LC1 Northern Virginia,CloudHQ,144.0,Loudoun County
LC2 Northern Virginia,CloudHQ,96.0,Loudoun County
LC3 Northern Virginia,CloudHQ,80.0,Loudoun County
Richmond Data Center,Cogent Communications,0.6675,Henrico County
Herndon Data Center,Cogent Communications,,Fairfax County
Vienna Data Center,Cogent Communications,0.5,Fairfax County
ASH1 Ashburn Data Center,Cologix,120.0,Loudoun County
PTP Data Center 1,Company Not Disclosed,32.5,Loudoun County
PTP Data Center 2,Company Not Disclosed,32.5,Prince William County
Loudoun County I  Northern Virginia Building 2,Compass Datacenters,14.0,Loudoun County
Loudoun County I  Northern Virginia Building 1,Compass Datacenters,14.0,Loudoun County
Loudoun County I  Northern Virginia Building 3,Compass Datacenters,13.0,Loudoun County
Loudoun County I  Northern Virginia Building 4,Compass Datacenters,11.0,Loudoun County
Loudoun County I  Northern Virginia Building 5,Compass Datacenters,27.0,Loudoun County
AI Data Center - VA3 Reston ,CoreSite,92.337,Loudoun County
VA1 Reston Data Center,CoreSite,15.623,Loudoun County
VA2 Reston Data Center,CoreSite,15.114,Loudoun County
NVA9 Northern Virginia Data Center,CyrusOne,135.0,Loudoun County
PowerHouse ABX-1,CyrusOne,60.0,Loudoun County
NVA6 Northern Virginia Sterling Data Center,CyrusOne,38.126,Loudoun County
NVA7 Northern Virginia Sterling Data Center,CyrusOne,15.602,Loudoun County
NVA5 Northern Virginia Sterling Data Center,CyrusOne,71.532,Loudoun County
NVA4 Northern Virginia Sterling Data Center,CyrusOne,12.0,Loudoun County
"NVA1, NVA2 & NVA3 Northern Virginia Sterling Data Center",CyrusOne,48.0,Loudoun County
NVA8 Northern Virginia Data Center,CyrusOne,24.0,Loudoun County
IAD3 - Ashburn Campus Data Center,DataBank,40.0,Loudoun County
IAD1 - Ashburn Data Center,DataBank,9.0,Loudoun County
IAD2 - McLean Data Center,DataBank,3.0,Fairfax County
VA4 Bristow Data Center ,Digital Realty,24.769,Prince William County
Digital Realty 9905 Godwin,Digital Realty,9.5707,Prince William County
Data Center 7,Digital Realty,96.0,Loudoun County
Northern Virginia IAD14 Data Center,Digital Realty,12.0,Loudoun County
Northern Virginia IAD23 Data Center,Digital Realty,4.0,Loudoun County
Northern Virginia IAD13 Data Center ,Digital Realty,12.0,Loudoun County
Northern Virginia IAD24 Data Center,Digital Realty,10.0,Loudoun County
Northern Virginia IAD12 Data Center,Digital Realty,16.0,Loudoun County
Northern Virginia IAD35 Data Center,Digital Realty,13.0,Loudoun County
Northern Virginia IAD36 Data Center,Digital Realty,36.0,Loudoun County
Northern Virginia IAD37 Data Center,Digital Realty,44.0,Loudoun County
Northern Virginia IAD38 Data Center,Digital Realty,26.0,Loudoun County
Northern Virginia IAD40 Data Center,Digital Realty,24.138,Loudoun County
Northern Virginia IAD39 Data Center,Digital Realty,87.839,Loudoun County
Northern Virginia ACC9 Data Center,Digital Realty,36.949,Loudoun County
Northern Virginia ACC7 Data Center,Digital Realty,52.092,Loudoun County
Northern Virginia ACC10 Data Center,Digital Realty,30.69,Loudoun County
Northern Virginia ACC6 Data Center,Digital Realty,54.0,Loudoun County
Northern Virginia ACC5 Data Center,Digital Realty,34.0,Loudoun County
Northern Virginia ACC4 Data Center,Digital Realty,36.0,Arlington County
Northern Virginia ACC3 Data Center,Digital Realty,10.758,Prince William County
Northern Virginia ACC2 Data Center,Digital Realty,24.0,Loudoun County
Northern Virginia IAD41 Data Center,Digital Realty,82.869,Loudoun County
Northern Virginia IAD42 Data Center,Digital Realty,54.418,Loudoun County
Wells Fargo Bank Data Center ,Digital Realty,13.9725,Loudoun County
Northern Virginia VA3 Data Center,Digital Realty,34.0,Loudoun County
RIC01 Richmond Data Center,EdgeConnex,1.0,Henrico County
NOR01 Norfolk Data Center,EdgeConnex,0.75,Chesapeake City
CU4 Culpeper Data Center,Equinix,25.0,Culpeper County
CU3 Culpeper Data Center,Equinix,15.0,Culpeper County
CU1 Culpeper Data Center,Equinix,11.0,Culpeper County
CU2 Culpeper Data Center,Equinix,11.0,Culpeper County
DC14 Manassas Data Center,Equinix,12.3145,Prince William County
DC13 Ashburn Data Center,Equinix,12.0,Loudoun County
DC4 Ashburn Data Center,Equinix,6.0,Loudoun County
DC5 Ashburn Data Center,Equinix,6.0,Loudoun County
DC3 Ashburn Data Center,Equinix,5.0,Loudoun County
DC1 Ashburn Data Center,Equinix,2.0,Loudoun County
DC2 Ashburn Data Center,Equinix,4.0,Loudoun County
DC6 Ashburn Data Center,Equinix,7.0,Loudoun County
DC11 Ashburn Data Center,Equinix,4.0,Loudoun County
DC21 Ashburn Data Center,Equinix,12.0,Loudoun County
DC16 Ashburn Data Center,Equinix,9.597,Loudoun County
DC10 Ashburn Data Center,Equinix,6.5736,Loudoun County
DC12 Ashburn Data Center,Equinix,13.3395,Loudoun County
DC15 Ashburn Data Center,Equinix,14.0,Loudoun County
DC7 Vienna Data Center,Equinix,2.0,Fairfax County
Henrico Data Center Building 1,Facebook,55.25,Henrico County
Henrico Data Center Building 2,Facebook,55.25,Henrico County
Henrico Data Center Building 3,Facebook,55.25,Henrico County
Henrico Data Center Building 4,Facebook,55.25,Henrico County
Henrico Data Center Building 5,Facebook,55.25,Henrico County
Richmond Data Center,Flexential,2.0,Henrico County
Google Prince William County - Building 3,Google,88.0,Prince William County
Google Prince William County - Building 2,Google,88.0,Prince William County
Google Prince William County - Building 1,Google,88.0,Prince William County
Google Loudoun County Data Center 2,Google,28.635,Loudoun County
Google Loudoun County Data Center 1,Google,28.635,Loudoun County
Google Arcola Data Center Building 2,Google,88.0,Loudoun County
Google Arcola Data Center Building 1,Google,40.6581818181818,Loudoun County
Google Cloud Plaza Data Center ,Google,41.2281818181818,Fairfax County
McLean 1 Data Center,Lumen,3.6805,Fairfax County
Microsoft Data Center Boydton Building 9,Microsoft,42.0,Mecklenburg County
Microsoft Data Center Boydton Building 7,Microsoft,24.0,Mecklenburg County
Microsoft Data Center Boydton Building 5,Microsoft,24.0,Mecklenburg County
Microsoft Data Center Boydton Building 10,Microsoft,42.0,Mecklenburg County
Microsoft Data Center Boydton Building 3,Microsoft,24.0,Mecklenburg County
Microsoft Data Center Boydton Building 2,Microsoft,30.0,Mecklenburg County
Microsoft Data Center Boydton Building 8,Microsoft,24.0,Mecklenburg County
Microsoft Data Center Boydton Building 11,Microsoft,18.0,Mecklenburg County
Microsoft Data Center Boydton Building 6,Microsoft,24.0,Mecklenburg County
Microsoft Data Center Boydton Building 4,Microsoft,24.0,Mecklenburg County
Microsoft Data Center Boydton Building 1,Microsoft,66.0,Mecklenburg County
Microsoft Data Center Boydton Building 12,Microsoft,24.0,Mecklenburg County
Microsoft Data Center Boydton Building 1,Microsoft,54.0,Mecklenburg County
Microsoft Data Center Boydton Building 2,Microsoft,54.0,Mecosta County
Microsoft Prison Rd Data Center Building 1,Microsoft,54.0,Prince William County
Microsoft Data Center Boydton Building 3,Microsoft,54.0,Mecklenburg County
Microsoft Prison Rd Data Center Building 5,Microsoft,54.0,Prince William County
Microsoft Prison Rd Data Center Building 2,Microsoft,54.0,Loudoun County
Microsoft Data Center Boydton Building 4,Microsoft,54.0,Mecklenburg County
Microsoft Prison Rd Data Center Building 3,Microsoft,54.0,Loudoun County
Microsoft Prison Rd Data Center Building 6,Microsoft,54.0,Loudoun County
Microsoft Prison Rd Data Center Building 4,Microsoft,54.0,Loudoun County
Microsoft Data Center Boydton Building 1,Microsoft,54.0,Mecklenburg County
Microsoft Hillcrest Building 1,Microsoft,30.0,Loudoun County
Microsoft - 19515 Compass Creek (IAD1-1),Microsoft,30.0,Loudoun County
Microsoft - 19525 Compass Creek (IAD1-2),Microsoft,18.0,Loudoun County
Microsoft - 41730 Inclusion Ln (IAD3),Microsoft,54.0,Loudoun County
Microsoft - 41720 Inclusion Ln (IAD2),Microsoft,54.0,Loudoun County
Microsoft - 41700 Inclusion Ln (IAD4),Microsoft,54.0,Loudoun County
Microsoft - Growth Mindset Ln (IAD11),Microsoft,54.0,Loudoun County
VA10 Gainesville Data Center,NTT Global Data Centers,125.0,Prince William County
VA8 Ashburn Data Center,NTT Global Data Centers,,Loudoun County
VA6 Ashburn Data Center,NTT Global Data Centers,24.0,Loudoun County
VA5 Ashburn Data Center,NTT Global Data Centers,32.0,Loudoun County
VA4 Ashburn Data Center,NTT Global Data Centers,32.0,Loudoun County
VA3 Ashburn Data Center,NTT Global Data Centers,16.0,Loudoun County
VA2 Ashburn Data Center,NTT Global Data Centers,14.0,Loudoun County
VA1 Ashburn Data Center,NTT Global Data Centers,12.0,Loudoun County
Manassas 3 Data Center,QTS Data Centers,42.0,Prince William County
Manassas 1 Data Center,QTS Data Centers,9.8226,Prince William County
Manassas 2 Data Center,QTS Data Centers,9.69749999999999,Prince William County
Ashburn - Shellhorn ASH3 Data Center Building 1,QTS Data Centers,42.0,Loudoun County
Ashburn - Shellhorn ASH3 Data Center Building 2,QTS Data Centers,42.0,Loudoun County
Ashburn - Lockridge Data Center DC2,QTS Data Centers,40.0,Loudoun County
Ashburn - Lockridge Data Center DC1,QTS Data Centers,40.0,Loudoun County
Ashburn - Broderick Data Center,QTS Data Centers,36.0,Loudoun County
Ashburn - Moran Data Center,QTS Data Centers,4.0,Loudoun County
RIC3 DC1,QTS Data Centers,12.8625,Chesterfield County
Richmond 2 Data Center DC6,QTS Data Centers,12.8625,Chesterfield County
Richmond 2 Data Center DC5,QTS Data Centers,12.8625,Chesterfield County
Richmond 2 Data Center DC4,QTS Data Centers,12.8625,Henrico County
Richmond 1 Data Center DC1,QTS Data Centers,35.0,Henrico County
Richmond 1 Data Center DC2,QTS Data Centers,35.0,Chesterfield County
Richmond 1 Data Center DC3,QTS Data Centers,35.0,Henrico County
RIC2 DC5,QTS Data Centers,12.8625,Henrico County
RIC2 DC3 ,QTS Data Centers,12.8625,Arlington County
RIC2 DC2,QTS Data Centers,12.8625,Henrico County
RIC2 DC1,QTS Data Centers,12.8625,Henrico County
NVA06 - Northern Virginia Data Center Building 1,STACK Infrastructure,48.0,Loudoun County
NVA02E - Northern Virginia Data Center,STACK Infrastructure,36.0,Loudoun County
NVA02D - Northern Virginia Data Center,STACK Infrastructure,36.0,Loudoun County
NVA02A - Northern Virginia Data Center,STACK Infrastructure,40.0,Loudoun County
NVA02B - Northern Virginia Data Center,STACK Infrastructure,40.0,Loudoun County
NVA02C - Northern Virginia Data Center,STACK Infrastructure,2.0,Loudoun County
NVA05A - Northern Virginia Data Center,STACK Infrastructure,36.0,Loudoun County
NVA01A - Northern Virginia Data Center,STACK Infrastructure,17.0,Loudoun County
VA3-31 Ashburn Data Center Building 1,Vantage Data Centers,11.0,Loudoun County
VA1 Ashburn Data Center Building 3,Vantage Data Centers,35.0,Loudoun County
VA1 Ashburn Data Center Building 4,Vantage Data Centers,35.0,Loudoun County
VA1 Ashburn Data Center Building 2,Vantage Data Centers,35.0,Loudoun County
VA1 Ashburn Data Center Building 1,Vantage Data Centers,35.0,Loudoun County
VA2 Ashburn Data Center Building 3,Vantage Data Centers,28.0,Loudoun County
VA2 Ashburn Data Center Building 2,Vantage Data Centers,40.0,Loudoun County
VA2 Ashburn Data Center Building 1,Vantage Data Centers,28.0,Loudoun County
Windstream Innsbrook,Windstream,,Henrico County
Windstream Ashburn,Windstream,,Loudoun County
Windstream Sterling,Windstream,1.0508,Loudoun County
AVAIO Appomattox Data Center,AVAIO Digital,,Appomattox County
Clarksville - AI Data Center 2,TECfusions,220.0,Mecklenburg County
Project Tallmadge Data Center 1,Takanock,,Loudoun County
Project Tallmadge Data Center 2,Takanock,,Prince William County
Convergent Data Center 1,Headwaters Site Development LLC,60.0,Loudoun County
Convergent Data Center 3,Headwaters Site Development LLC,60.0,Loudoun County
Convergent Data Center 2,Headwaters Site Development LLC,60.0,Loudoun County
Convergent Data Center 4,Headwaters Site Development LLC,60.0,Prince William County
Remington Technology Park Building 4,PointOne ,100.0,Loudoun County
Remington Technology Park Building 5,PointOne ,100.0,Loudoun County
Remington Technology Park Building 6,PointOne ,100.0,Loudoun County
SAMX Remignton Data Center 3,SAMX,75.0,Loudoun County
SAMX Remignton Data Center 1,SAMX,75.0,Loudoun County
SAMX Remignton Data Center 2,SAMX,75.0,Loudoun County
Remington Innovation Data Center 7,SDC Capital Partners,,Loudoun County
Remington Innovation Data Center 1,SDC Capital Partners,,Loudoun County
Remington Innovation Data Center 3,SDC Capital Partners,,Loudoun County
Remington Innovation Data Center 2,SDC Capital Partners,,Fauquier County
Remington Innovation Data Center 4,SDC Capital Partners,,Loudoun County
Remington Innovation Data Center 6,SDC Capital Partners,,Loudoun County
Remington Innovation Data Center 5,SDC Capital Partners,,Fauquier County
Vint Hill Corners Data Center 2,Vint Hill Corners LLC,54.0,Fauquier County
Vint Hill Corners Data Center 1,Vint Hill Corners LLC,54.0,Fauquier County
VIN1 Data Center 2,OVHCloud,18.0,Loudoun County
Data Center Building 2,Black Chamber,40.0,Prince William County
Data Center Building 1,Black Chamber,40.0,Loudoun County
Project Well Data Center 1,Black Chamber,43.025,Prince William County
Project Well Data Center 2,Black Chamber,43.025,Loudoun County
Project Well Data Center 3,Black Chamber,43.025,Prince William County
Yondr NOV2A,Yondr,62.957,Loudoun County
Yondr NOV2D,Yondr,62.957,Loudoun County
Yondr NOV2E,Yondr,32.51,Loudoun County
Yondr NOV2B,Yondr,62.957,Loudoun County
Yondr NOV2C,Yondr,62.957,Loudoun County
VA-8- Northern Virginia Data Center,Iron Mountain Data Centers,32.71,Loudoun County
"Bethlehem Rd, Data Center 1",Iron Mountain Data Centers,66.019,Prince William County
"Bethlehem Rd, Data Center 3",Iron Mountain Data Centers,61.915,Loudoun County
"Bethlehem Rd, Data Center 2",Iron Mountain Data Centers,61.915,Loudoun County
Tech Park at Brambleton Data Center 3,Black Chamber,61.25,Loudoun County
Tech Park at Brambleton Data Center 4,Black Chamber,61.25,Loudoun County
Tuscarora Landbay 3 Data Center 1,Black Chamber,44.7,Loudoun County
Tuscarora Landbay 3 Data Center 2,Black Chamber,44.7,Loudoun County
Tuscarora Landbay 3 Data Center 3,Black Chamber,44.7,Loudoun County
Luck Stone Leesburg Data Center 4,Luck Stone,63.589,Loudoun County
Luck Stone Leesburg Data Center 1,Luck Stone,63.589,Loudoun County
Luck Stone Leesburg Data Center 5,Luck Stone,63.589,Loudoun County
Luck Stone Leesburg Data Center 8,Luck Stone,63.589,Loudoun County
Luck Stone Leesburg Data Center 6,Luck Stone,63.589,Loudoun County
Luck Stone Leesburg Data Center 7,Luck Stone,63.589,Loudoun County
Luck Stone Leesburg Data Center 2,Luck Stone,63.589,Loudoun County
Luck Stone Leesburg Data Center 3,Luck Stone,63.589,Loudoun County
Tuscarora LB 7 Data Center 2,Black Chamber,49.13,Loudoun County
Tuscarora LB 7 Data Center 1,Black Chamber,49.13,Loudoun County
TCA - Building 3,SDC Capital Partners,63.169,Arlington County
TCA - Building 5,SDC Capital Partners,44.68,Loudoun County
TCA - Building 4,SDC Capital Partners,61.229,Prince William County
TCA - Building 1,SDC Capital Partners,61.957,Loudoun County
TCA - Building 2,SDC Capital Partners,61.608,Prince William County
Leesburg Data Center 3,SDC Capital Partners,80.0,Loudoun County
Leesburg Data Center 4,SDC Capital Partners,62.5,Loudoun County
Leesburg Data Center 5,SDC Capital Partners,45.0,Loudoun County
Leesburg Data Center 2,SDC Capital Partners,85.0,Loudoun County
Leesburg Data Center 1,SDC Capital Partners,90.0,Loudoun County
Spotsy Technology Data Center 8,SpotsyTechnoCampus LLC,61.948,Spotsylvania County
Spotsy Technology Data Center 6,SpotsyTechnoCampus LLC,32.75,Spotsylvania County
Spotsy Technology Data Center 3,SpotsyTechnoCampus LLC,32.75,Spotsylvania County
Spotsy Technology Data Center 1,SpotsyTechnoCampus LLC,32.75,Spotsylvania County
Spotsy Technology Data Center 2,SpotsyTechnoCampus LLC,32.75,Fredericksburg City
Spotsy Technology Data Center 9,SpotsyTechnoCampus LLC,46.865,Spotsylvania County
Spotsy Technology Data Center 5,SpotsyTechnoCampus LLC,32.75,Spotsylvania County
Spotsy Technology Data Center 4,SpotsyTechnoCampus LLC,32.75,Spotsylvania County
Spotsy Technology Data Center 7,SpotsyTechnoCampus LLC,46.865,Spotsylvania County
Data Center 1,Ada Infrastructure,,Loudoun County
Data Center 2,Ada Infrastructure,,Loudoun County
SDC Data Center 5,SDC Capital Partners,50.93,Prince William County
SDC Data Center 3,SDC Capital Partners,47.71,Loudoun County
SDC Data Center 4,SDC Capital Partners,47.71,Loudoun County
AVAIO Ladysmith Rd Data Center 2,AVAIO Digital,,Caroline County
AVAIO Ladysmith Rd Data Center 1,AVAIO Digital,,Caroline County
VA1 Data Center Building 8,Clean Arc,100.0,Prince William County
VA1 Data Center Building 4,Clean Arc,100.0,Loudoun County
VA1 Data Center Building 9,Clean Arc,100.0,Loudoun County
VA1 Data Center Building 7,Clean Arc,100.0,Loudoun County
VA1 Data Center Building 5,Clean Arc,100.0,Prince William County
VA1 Data Center Building 6,Clean Arc,100.0,Loudoun County
Building 3,SDC Capital Partners,71.457,Loudoun County
MD-DC2 (Sterling),Menlo Digital,144.0,Loudoun County
Kincora Data Center,Corscale,,Loudoun County
TA Realty Data Center 5,TA Digital Group,74.179,Prince William County
TA Realty Data Center 1,TA Digital Group,74.179,Prince William County
TA Realty Data Center 6,TA Digital Group,74.179,Loudoun County
TA Realty Data Center 4,TA Digital Group,74.179,Prince William County
TA Realty Data Center 3,TA Digital Group,74.179,Prince William County
TA Realty Data Center 2,TA Digital Group,74.179,Loudoun County
PARAGON PARK TECHNOLOGY PARK,Black Chamber,88.51,Prince William County
BUILDING B,Oppidan Connect,12.2637,Loudoun County
BUILDING A,Oppidan Connect,60.867,Fairfax County
DC Blox Richmond Data Center,DC BLOX,16.814,Henrico County
110 TERMINAL DRIVE DATA CENTER,TA Digital Group,59.126,Prince William County
MD-DC3 Data Center 4,Menlo Digital,70.0,Loudoun County
MD-DC3 Data Center 1,Menlo Digital,90.0,Loudoun County
MD-DC3 Data Center 3,Menlo Digital,70.0,Loudoun County
MD-DC3 Data Center 2,Menlo Digital,70.0,Loudoun County
CTP-04  Richmond,Chirisa Technology Parks,100.0,Chesterfield County
White Oak Technology Park Data Center 1,Iron Mountain Data Centers,18.0,Loudoun County
White Oak Technology Park Data Center 4,Iron Mountain Data Centers,50.0,Fairfax County
White Oak Technology Park Data Center 3,Iron Mountain Data Centers,50.0,Fairfax County
White Oak Technology Park Data Center 2,Iron Mountain Data Centers,50.0,Prince William County
Serverfarm Vienna Cloud 1,Serverfarm,,Fairfax County
Serverfarm Vienna Cloud 2,Serverfarm,,Fairfax County
Dahlgren West Bldg 4,Oasis Digital Properties,75.862,King George County
Dahlgren West Bldg 1,Oasis Digital Properties,75.862,King George County
Dahlgren West Bldg 6,Oasis Digital Properties,75.862,King George County
Dahlgren West Bldg 2,Oasis Digital Properties,75.862,King George County
Dahlgren West Bldg 3,Oasis Digital Properties,75.862,King George County
Dahlgren West Bldg 10,Oasis Digital Properties,75.862,King George County
Dahlgren West Bldg 9,Oasis Digital Properties,75.862,King George County
Dahlgren West Bldg 5,Oasis Digital Properties,75.862,King George County
Dahlgren West Bldg 7,Oasis Digital Properties,75.862,King George County
Dahlgren West Bldg 8,Oasis Digital Properties,75.862,King George County
Globalinx Virginia Data Center 2,Globalinx,,Prince William County
AWS DCTC Building 2,Amazon AWS,66.0,Loudoun County
AWS DCTC Building 4,Amazon AWS,66.0,Prince William County
AWS DCTC Building 5,Amazon AWS,66.0,Loudoun County
AWS DCTC Building 7,Amazon AWS,66.0,Loudoun County
AWS DCTC Building 6,Amazon AWS,66.0,Prince William County
AWS DCTC Building 8,Amazon AWS,66.0,Loudoun County
AWS DCTC Building 1,Amazon AWS,66.0,Loudoun County
AWS DCTC Building 3,Amazon AWS,66.0,Loudoun County
 AWS NCTC Building 9,Amazon AWS,70.0,Prince William County
 AWS NCTC Building 5,Amazon AWS,70.0,Loudoun County
 AWS NCTC Building 10,Amazon AWS,70.0,Loudoun County
 AWS NCTC Building 3,Amazon AWS,70.0,Loudoun County
 AWS NCTC Building 7,Amazon AWS,70.0,Loudoun County
 AWS NCTC Building 8,Amazon AWS,70.0,Loudoun County
 AWS NCTC Building 4,Amazon AWS,70.0,Loudoun County
 AWS NCTC Building 6,Amazon AWS,70.0,Loudoun County
 AWS Culpeper Data Center 2,Amazon AWS,66.9973433678465,Culpeper County
AWS Lake Anna Data Center - Building 7,Amazon AWS,44.0,Louisa County
AWS Lake Anna Data Center - Building 6,Amazon AWS,66.0,Louisa County
AWS Lake Anna Data Center - Building 5,Amazon AWS,66.0,Spotsylvania County
Amazon AWS - Warrenton Data Center ,Amazon AWS,50.0,Fauquier County
Amazon AWS IAD - Wellington Building 5,Amazon AWS,66.9973433678465,Loudoun County
Amazon AWS IAD - Wellington Building 4,Amazon AWS,39.1977777777778,Loudoun County
Amazon AWS IAD - Wellington Building 6,Amazon AWS,66.9973433678465,Loudoun County
Amazon AWS IAD - Century Park Building 1,Amazon AWS,39.1977777777778,Loudoun County
Amazon AWS IAD - Century Park Building 2,Amazon AWS,39.1977777777778,Loudoun County
Amazon AWS IAD - Mason Building 4,Amazon AWS,39.1977777777778,Loudoun County
Data Center 1,Amazon AWS,66.9973433678465,Loudoun County
Data Center 2,Amazon AWS,66.9973433678465,Loudoun County
Data Center 3,Amazon AWS,66.9973433678465,Arlington County
Data Center 4,Amazon AWS,66.9973433678465,Loudoun County
Building C,Amazon AWS,66.9973433678465,Loudoun County
AWS Orrock Building 3,Amazon AWS,70.0,Loudoun County
AWS Orrock Building 5,Amazon AWS,70.0,Loudoun County
AWS Orrock Building 6,Amazon AWS,70.0,Prince William County
AWS Orrock Building 4,Amazon AWS,70.0,Loudoun County
AWS Orrock Building 8,Amazon AWS,70.0,Prince William County
AWS Orrock Building 7,Amazon AWS,70.0,Loudoun County
AWS Orrock Building 11,Amazon AWS,70.0,Prince William County
AWS Orrock Building 9,Amazon AWS,70.0,Loudoun County
AWS Orrock Building 10,Amazon AWS,70.0,Loudoun County
Building D,Amazon AWS,66.9973433678465,Loudoun County
AWS Cosner Building 6,Amazon AWS,39.1977777777778,Fredericksburg City
AWS Cosner Building 7,Amazon AWS,39.1977777777778,Fredericksburg City
Amazon AWS IAD - 44150 Wade Dr,Amazon AWS,56.285,Loudoun County
AWS Carters Building 3,Amazon AWS,66.0,Loudoun County
AWS Carters Building 1,Amazon AWS,66.0,Loudoun County
AWS Carters Building 8,Amazon AWS,66.0,Loudoun County
AWS Carters Building 4,Amazon AWS,66.0,Loudoun County
AWS Carters Building 2,Amazon AWS,66.0,Prince William County
AWS Carters Building 6,Amazon AWS,66.0,Loudoun County
AWS Carters Building 5,Amazon AWS,66.0,Loudoun County
AWS Carters Building 7,Amazon AWS,66.0,Loudoun County
AWS Summit Crossing Building 6,Amazon AWS,66.0,Loudoun County
AWS Summit Crossing Building 5,Amazon AWS,66.0,Loudoun County
AWS Summit Crossing Building 1,Amazon AWS,66.0,Prince William County
AWS Summit Crossing Building 4,Amazon AWS,66.0,Prince William County
AWS Summit Crossing Building 7,Amazon AWS,66.0,Prince William County
AWS Summit Crossing Building 2,Amazon AWS,66.0,Loudoun County
AWS Summit Crossing Building 3,Amazon AWS,66.0,Loudoun County
Amazon AWS IAD503 -  EDS Building 4,Amazon AWS,45.58,Loudoun County
Amazon AWS Nokes Blvd - Building 1,Amazon AWS,39.1977777777778,Loudoun County
Amazon AWS Nokes Blvd - Building 3,Amazon AWS,66.9973433678465,Prince William County
Amazon AWS Nokes Blvd - Building 4,Amazon AWS,66.9973433678465,Prince William County
Amazon AWS Nokes Blvd - Building 2,Amazon AWS,39.1977777777778,Loudoun County
CLP 1 Northern Virginia,CloudHQ,50.0,Loudoun County
CLP 2 Northern Virginia,CloudHQ,50.0,Loudoun County
CLP 3 Northern Virginia,CloudHQ,42.0,Loudoun County
MCC7 Northern Virginia,CloudHQ,36.0,Loudoun County
MCC3 Northern Virginia,CloudHQ,60.0,Loudoun County
MCC6Z Northern Virginia,CloudHQ,40.0,Loudoun County
MCC4 Northern Virginia,CloudHQ,60.0,Loudoun County
MCC5 Northern Virginia,CloudHQ,60.0,Loudoun County
LC12 Northern Virginia,CloudHQ,108.0,Loudoun County
LC13 Northern Virginia,CloudHQ,108.0,Loudoun County
LC14 Northern Virginia,CloudHQ,108.0,Loudoun County
LC10 Northern Virginia,CloudHQ,108.0,Loudoun County
LC9 Northern Virginia,CloudHQ,108.0,Loudoun County
LC5 Northern Virginia,CloudHQ,36.48,Loudoun County
ASH2 Ashburn Data Center,Cologix,85.0,Loudoun County
Copper Ridge Data Center 3,Company Not Disclosed,75.0,Loudoun County
Copper Ridge Data Center 8,Company Not Disclosed,75.0,Loudoun County
Copper Ridge Data Center 1,Company Not Disclosed,75.0,Loudoun County
Copper Ridge Data Center 6,Company Not Disclosed,75.0,Loudoun County
Copper Ridge Data Center 2,Company Not Disclosed,75.0,Loudoun County
Copper Ridge Data Center 7,Company Not Disclosed,75.0,Prince William County
Copper Ridge Data Center 4,Company Not Disclosed,75.0,Loudoun County
Copper Ridge Data Center 5,Company Not Disclosed,75.0,Loudoun County
CTP Data Center 6,Company Not Disclosed,60.0,Loudoun County
CTP Data Center 4,Company Not Disclosed,60.0,Loudoun County
CTP Data Center 5,Company Not Disclosed,60.0,Loudoun County
CTP Data Center 1,Company Not Disclosed,60.0,Loudoun County
CTP Data Center 7,Company Not Disclosed,60.0,Loudoun County
CTP Data Center 2,Company Not Disclosed,60.0,Prince William County
CTP Data Center 3,Company Not Disclosed,60.0,Loudoun County
CTP Data Center 8,Company Not Disclosed,60.0,Prince William County
Red Ace Data Center 2,Company Not Disclosed,54.384,Loudoun County
Red Ace Data Center 1,Company Not Disclosed,54.384,Loudoun County
Topaz Substation Campus,Company Not Disclosed,300.0,Loudoun County
 Amethyst Substation Data Center,Company Not Disclosed,300.0,Loudoun County
Garnet Substation Data Center Campus,Company Not Disclosed,300.0,Loudoun County
Data Center 3,Company Not Disclosed,100.0,Loudoun County
Data Center 1,Company Not Disclosed,100.0,Unable to determine the county with the given information.
Data Center 2,Company Not Disclosed,100.0,Loudoun County
Hunter Trust Data Center 9,Company Not Disclosed,111.3,Loudoun County
Hunter Trust Data Center 6,Company Not Disclosed,111.3,Loudoun County
Hunter Trust Data Center 1,Company Not Disclosed,111.3,Loudoun County
Hunter Trust Data Center 4,Company Not Disclosed,111.3,Loudoun County
Hunter Trust Data Center 7,Company Not Disclosed,111.3,Culpeper County
Hunter Trust Data Center 5,Company Not Disclosed,111.3,Loudoun County
Hunter Trust Data Center 3,Company Not Disclosed,111.3,Loudoun County
Hunter Trust Data Center 8,Company Not Disclosed,111.3,Loudoun County
Hunter Trust Data Center 10,Company Not Disclosed,111.3,Prince William County
Hunter Trust Data Center 2,Company Not Disclosed,111.3,Loudoun County
SVTP Data Center 1,Company Not Disclosed,49.83,Loudoun County
SVTP Data Center 6,Company Not Disclosed,49.97,Prince William County
SVTP Data Center 5,Company Not Disclosed,49.97,Prince William County
SVTP Data Center 4,Company Not Disclosed,49.97,Loudoun County
SVTP Data Center 2,Company Not Disclosed,49.83,Loudoun County
SVTP Data Center 11,Company Not Disclosed,49.97,Loudoun County
SVTP Data Center 7,Company Not Disclosed,49.97,Prince William County
SVTP Data Center 3,Company Not Disclosed,49.738,Fairfax County
SVTP Data Center 8,Company Not Disclosed,49.97,Prince William County
SVTP Data Center 9,Company Not Disclosed,49.97,Prince William County
SVTP Data Center 13,Company Not Disclosed,49.99,Prince William County
SVTP Data Center 10,Company Not Disclosed,49.97,Loudoun County
SVTP Data Center 12,Company Not Disclosed,49.97,Prince William County
Data Center 3,Company Not Disclosed,100.0,Loudoun County
Data Center 2,Company Not Disclosed,100.0,Loudoun County
Data Center 1,Company Not Disclosed,100.0,Loudoun County
Cross Mill Center,Company Not Disclosed,61.84,Loudoun County
Building B,Company Not Disclosed,71.459,Loudoun County
Building A,Company Not Disclosed,71.459,Loudoun County
Blaisdell Data Center 2,Company Not Disclosed,71.125,Loudoun County
Blaisdell Data Center 1,Company Not Disclosed,71.125,Loudoun County
Blaisdell Data Center 3,Company Not Disclosed,71.125,Loudoun County
Telos Data Center ,Company Not Disclosed,62.656,Prince William County
Enon Technology Data Center 2,Company Not Disclosed,63.979,Frederick County
Enon Technology Data Center 5,Company Not Disclosed,63.979,Fredericksburg City
Enon Technology Data Center 1,Company Not Disclosed,63.979,Greene County
Enon Technology Data Center 3,Company Not Disclosed,63.979,Fairfax County
Enon Technology Data Center 6,Company Not Disclosed,63.979,Frederick County
Enon Technology Data Center 4,Company Not Disclosed,63.979,Fairfax County
Pemberton Tech Center Building 1,Company Not Disclosed,48.165,Loudoun County
Pemberton Tech Center Building 3,Company Not Disclosed,48.165,Loudoun County
Pemberton Tech Center Building 2,Company Not Disclosed,48.165,Loudoun County
Ashbrook Tech Center Building 3,Company Not Disclosed,32.47,Loudoun County
Ashbrook Tech Center Building 2,Company Not Disclosed,32.47,Chesterfield County
Ashbrook Tech Center Building 1,Company Not Disclosed,32.47,Loudoun County
Stonecroft Data Center,Company Not Disclosed,,Loudoun County
Cranes Corner Data Center 1,Company Not Disclosed,59.35,Prince William County
Cranes Corner Data Center 2,Company Not Disclosed,59.35,Prince William County
Cranes Corner Data Center 3,Company Not Disclosed,59.35,Prince William County
GWV Data Center 14,Company Not Disclosed,61.99,Loudoun County
GWV Data Center 4,Company Not Disclosed,61.99,Prince William County
GWV Data Center 2,Company Not Disclosed,61.99,Loudoun County
GWV Data Center 19,Company Not Disclosed,61.99,Loudoun County
GWV Data Center 11,Company Not Disclosed,61.99,Loudoun County
GWV Data Center 3,Company Not Disclosed,61.99,Loudoun County
GWV Data Center 16,Company Not Disclosed,61.99,Loudoun County
GWV Data Center 9,Company Not Disclosed,61.99,Loudoun County
GWV Data Center 17,Company Not Disclosed,61.99,Loudoun County
GWV Data Center 18,Company Not Disclosed,61.99,Loudoun County
GWV Data Center 13,Company Not Disclosed,61.99,Loudoun County
GWV Data Center 7,Company Not Disclosed,61.99,Loudoun County
GWV Data Center 8,Company Not Disclosed,61.99,Loudoun County
GWV Data Center 5,Company Not Disclosed,61.99,Loudoun County
GWV Data Center 12,Company Not Disclosed,61.99,Loudoun County
GWV Data Center 10,Company Not Disclosed,61.99,Loudoun County
GWV Data Center 15,Company Not Disclosed,61.99,Loudoun County
GWV Data Center 6,Company Not Disclosed,61.99,Loudoun County
GWV Data Center 1,Company Not Disclosed,61.99,Loudoun County
Building A,Company Not Disclosed,69.469,Loudoun County
Building C,Company Not Disclosed,59.12,Loudoun County
Building B,Company Not Disclosed,62.07,Loudoun County
Loundon Data Center,Company Not Disclosed,,Loudoun County
Data Center 2,Company Not Disclosed,89.32,Loudoun County
Data Center 1,Company Not Disclosed,90.86,County not found
Austin Ridge Data Center 3,Company Not Disclosed,61.631,Loudoun County
Austin Ridge Data Center 4,Company Not Disclosed,55.604,Loudoun County
Austin Ridge Data Center 2,Company Not Disclosed,61.631,Prince William County
Austin Ridge Data Center 1,Company Not Disclosed,74.765,Prince William County
Potomac Creek Data Center 1,Company Not Disclosed,64.772,Stafford County
Potomac Creek Data Center 3,Company Not Disclosed,64.772,Stafford County
Potomac Creek Data Center 2,Company Not Disclosed,64.772,Stafford County
Accokeek Data Center 3,Company Not Disclosed,46.28,Prince William County
Accokeek Data Center 1,Company Not Disclosed,46.28,Prince William County
Accokeek Data Center 2,Company Not Disclosed,46.28,Prince William County
 DULLES DESIGN DATA CENTER,Company Not Disclosed,47.845,Loudoun County
Building A,Company Not Disclosed,64.907,Loudoun County
Building B,Company Not Disclosed,64.907,Loudoun County
Building C,Company Not Disclosed,64.907,Prince William County
Silverbrook Data Center 2,Company Not Disclosed,12.5576,Prince William County
Silverbrook Data Center 1,Company Not Disclosed,12.5576,Loudoun County
Forest Lane Data Center 20,Company Not Disclosed,61.797,Prince William County
Forest Lane Data Center 16,Company Not Disclosed,61.797,Prince William County
Forest Lane Data Center 19,Company Not Disclosed,61.797,Loudoun County
Forest Lane Data Center 5,Company Not Disclosed,61.797,Loudoun County
Forest Lane Data Center 2,Company Not Disclosed,61.797,Loudoun County
Forest Lane Data Center 17,Company Not Disclosed,61.797,Loudoun County
Forest Lane Data Center 6,Company Not Disclosed,61.797,Loudoun County
Forest Lane Data Center 7,Company Not Disclosed,61.797,Fairfax County
Forest Lane Data Center 8,Company Not Disclosed,61.797,Prince William County
Forest Lane Data Center 10,Company Not Disclosed,61.797,Loudoun County
Forest Lane Data Center 3,Company Not Disclosed,61.797,Loudoun County
Forest Lane Data Center 4,Company Not Disclosed,61.797,Prince William County
Forest Lane Data Center 12,Company Not Disclosed,61.797,Loudoun County
Forest Lane Data Center 11,Company Not Disclosed,61.797,Loudoun County
Forest Lane Data Center 1,Company Not Disclosed,61.797,Loudoun County
Forest Lane Data Center 9,Company Not Disclosed,61.797,Loudoun County
Forest Lane Data Center 15,Company Not Disclosed,61.797,Loudoun County
Forest Lane Data Center 14,Company Not Disclosed,61.797,Loudoun County
Forest Lane Data Center 13,Company Not Disclosed,61.797,Loudoun County
Forest Lane Data Center 18,Company Not Disclosed,61.797,Loudoun County
Sisson South Data Center 9,Company Not Disclosed,45.585,Loudoun County
Sisson South Data Center 2,Company Not Disclosed,45.585,Loudoun County
Sisson South Data Center 6,Company Not Disclosed,45.585,Loudoun County
Sisson South Data Center 4,Company Not Disclosed,45.585,Loudoun County
Sisson South Data Center 8,Company Not Disclosed,45.585,Loudoun County
Sisson South Data Center 10,Company Not Disclosed,45.585,Loudoun County
Sisson South Data Center 7,Company Not Disclosed,45.585,Loudoun County
Sisson South Data Center 11,Company Not Disclosed,45.585,Loudoun County
Sisson South Data Center 5,Company Not Disclosed,45.585,Loudoun County
Sisson South Data Center 1,Company Not Disclosed,45.585,Loudoun County
Sisson South Data Center 3,Company Not Disclosed,45.585,Loudoun County
Sisson North Data Center 1,Company Not Disclosed,45.585,Loudoun County
Sisson North Data Center 5,Company Not Disclosed,45.585,Loudoun County
Sisson North Data Center 4,Company Not Disclosed,45.585,Loudoun County
Sisson North Data Center 3,Company Not Disclosed,45.585,Loudoun County
Sisson North Data Center 2,Company Not Disclosed,45.585,Loudoun County
Simms Farm Data Center 2,Company Not Disclosed,45.415,Loudoun County
Simms Farm Data Center 5,Company Not Disclosed,45.415,Loudoun County
Simms Farm Data Center 1,Company Not Disclosed,45.415,Loudoun County
Simms Farm Data Center 4,Company Not Disclosed,45.415,Loudoun County
Simms Farm Data Center 3,Company Not Disclosed,45.415,Loudoun County
Starwood Capital Data Center ,Company Not Disclosed,176.0,Loudoun County
Fauquier's Data Center Building 3,CyrusOne,40.0,Fauquier County
Fauquier's Data Center Building 1,CyrusOne,27.0,Fauquier County
Fauquier's Data Center Building 4,CyrusOne,40.0,Fauquier County
Fauquier's Data Center Building 2,CyrusOne,27.0,Fauquier County
BUILDING 1A,CyrusOne,49.418,Loudoun County
BUILDING 2,CyrusOne,49.418,Loudoun County
BUILDING 1B,CyrusOne,48.005,Loudoun County
IAD5 - Culpepper Campus Data Center 3,DataBank,72.0,Culpeper County
IAD5 - Culpepper Campus Data Center 2,DataBank,72.0,Culpeper County
Data Center 1,Digital Realty,80.0,Loudoun County
Data Center 2,Digital Realty,64.0,Loudoun County
Data Center 10,Digital Realty,96.0,Prince William County
Data Center 11,Digital Realty,96.0,Loudoun County
Data Center 3,Digital Realty,80.0,Loudoun County
Data Center 4,Digital Realty,96.0,Loudoun County
Digital Waxpool Road – ACC11,Digital Realty,59.515,Loudoun County
Louisa County Data Center 10,Edgecore,85.0,Louisa County
Louisa County Data Center 9,Edgecore,85.0,Louisa County
Louisa County Data Center 2,Edgecore,85.0,Louisa County
Louisa County Data Center 11,Edgecore,85.0,Louisa County
Louisa County Data Center 13,Edgecore,85.0,Louisa County
Louisa County Data Center 6,Edgecore,85.0,Louisa County
Louisa County Data Center 8,Edgecore,85.0,Louisa County
Louisa County Data Center 4,Edgecore,85.0,Louisa County
Louisa County Data Center 7,Edgecore,85.0,Louisa County
Louisa County Data Center 1,Edgecore,85.0,Louisa County
Louisa County Data Center 12,Edgecore,85.0,Louisa County
Louisa County Data Center 3,Edgecore,85.0,Louisa County
Louisa County Data Center 5,Edgecore,85.0,Louisa County
CP03 EdgeCore Datacenter,Edgecore,72.0,Prince William County
CP02 EdgeCore Datacenter,Edgecore,72.0,Prince William County
CP01 EdgeCore Datacenter,Edgecore,72.0,Arlington County
Loudoun County Edgecore Data Center 1,Edgecore,,Loudoun County
Loudoun County Edgecore Data Center 2,Edgecore,,Loudoun County
Skye Data Center 1,Google,41.7316666666667,Loudoun County
Skye Data Center 2,Google,41.7316666666667,Prince William County
Data Center 1,Google,41.7316666666667,Loudoun County
Bermuda Data Center 3,Google,96.0,Loudoun County
Bermuda Data Center 2,Google,96.0,Prince William County
Microsoft Clarksville Data Center Building 4,Microsoft,54.0,Mecklenburg County
Microsoft Clarksville Data Center Building 6,Microsoft,54.0,Mecklenburg County
Microsoft Clarksville Data Center Building 5,Microsoft,54.0,Mecklenburg County
Microsoft - MNZ Building 2,Microsoft,60.844231046731,Loudoun County
Microsoft - MNZ03 Building 1,Microsoft,60.844231046731,Loudoun County
Microsoft - MNZ Building 4,Microsoft,60.844231046731,Arlington County
Microsoft - MNZ Building 3,Microsoft,60.844231046731,Loudoun County
PowerHouse Arcola Building 1,Power House Data Centers,82.0,Loudoun County
PowerHouse Arcola Building 2,Power House Data Centers,82.0,Loudoun County
Overview Dr Data Center 7,Power House Data Centers,21.896,Prince William County
Overview Dr Data Center 6,Power House Data Centers,21.896,Prince William County
Overview Dr Data Center 5,Power House Data Centers,21.896,Loudoun County
Power House & Chirisa Building 2,Power House Data Centers,60.0,Loudoun County
Power House & Chirisa Building 4,Power House Data Centers,60.0,Loudoun County
Power House & Chirisa Building 3,Power House Data Centers,60.0,Loudoun County
Power House & Chirisa Building 5,Power House Data Centers,60.0,Loudoun County
BUILDING B,Prologis,74.169,Prince William County
BUILDING A,Prologis,73.985,Prince William County
Building B,Prologis,74.525,Fairfax County
Building C,Prologis,74.525,Prince William County
Building A,Prologis,74.525,Prince William County
Henrico Data Center Building 3,QTS Data Centers,74.731,Henrico County
Henrico Data Center Building 2,QTS Data Centers,74.331,Henrico County
Henrico Data Center Building 4,QTS Data Centers,74.351,Henrico County
Henrico Data Center Building 5,QTS Data Centers,68.563,Henrico County
Henrico Data Center Building 1,QTS Data Centers,61.25,Henrico County
Henrico Data Center Building 7,QTS Data Centers,90.742,Henrico County
Henrico Data Center Building 6,QTS Data Centers,68.563,Henrico County
Loudoun County Data Center 2,STACK Infrastructure,72.0,Loudoun County
Loudoun County Data Center 1,STACK Infrastructure,72.0,Loudoun County
Luck Stone Data Center 2,STACK Infrastructure,49.17,Prince William County
Luck Stone Data Center 1,STACK Infrastructure,51.09,Prince William County
TOD Data Center 4,STACK Infrastructure,47.945,Loudoun County
TOD Data Center 3,STACK Infrastructure,47.945,Prince William County
TOD Data Center 8,STACK Infrastructure,47.945,Prince William County
TOD Data Center 9,STACK Infrastructure,47.945,Loudoun County
TOD Data Center 6,STACK Infrastructure,47.945,Prince William County
TOD Data Center 10,STACK Infrastructure,47.945,Prince William County
TOD Data Center 1,STACK Infrastructure,47.945,Loudoun County
TOD Data Center 5,STACK Infrastructure,47.945,Prince William County
TOD Data Center 2,STACK Infrastructure,47.945,Prince William County
TOD Data Center 7,STACK Infrastructure,47.945,Loudoun County
COCHRAN TECH,STACK Infrastructure,62.725,Loudoun County
STC Building 5,STACK Infrastructure,58.0,Loudoun County
STC Building 4,STACK Infrastructure,58.0,Loudoun County
STC Building 3,STACK Infrastructure,58.0,Loudoun County
STC Building 6,STACK Infrastructure,58.0,Loudoun County
STC Building 11,STACK Infrastructure,58.0,Loudoun County
STC Building 12,STACK Infrastructure,58.0,Prince William County
STC Building 9,STACK Infrastructure,58.0,Loudoun County
STC Building 10,STACK Infrastructure,58.0,Loudoun County
STC Building 8,STACK Infrastructure,58.0,Loudoun County
STC Building 7,STACK Infrastructure,58.0,Loudoun County
STC Building 15,STACK Infrastructure,58.0,Loudoun County
STC Building 13,STACK Infrastructure,58.0,Prince William County
STC Building 14,STACK Infrastructure,58.0,Loudoun County
STC Building 19,STACK Infrastructure,58.0,Prince William County
STC Building 16,STACK Infrastructure,58.0,Prince William County
STC Building 18,STACK Infrastructure,58.0,Loudoun County
STC Building 17,STACK Infrastructure,58.0,Fairfax County
DULLES SUMMIT SOUTH,Skybox Datacenters,30.0,Loudoun County
Building C,Skybox Datacenters,69.529,Prince William County
Building A,Skybox Datacenters,69.529,Prince William County
Building B,Skybox Datacenters,69.529,Loudoun County
MRTP Data Center 5,Tract,,Loudoun County
MRTP Data Center 1,Tract,,Prince William County
MRTP Data Center 4,Tract,,Loudoun County
MRTP Data Center 3,Tract,,Loudoun County
MRTP Data Center 2,Tract,,Loudoun County
HTP Building 13,Tract,150.0,Prince William County
HTP Building 7,Tract,150.0,Arlington County
HTP Building 5,Tract,150.0,Loudoun County
HTP Building 6,Tract,150.0,Prince William County
HTP Building 11,Tract,150.0,Fairfax County
HTP Building 15,Tract,150.0,Loudoun County
HTP Building 14,Tract,150.0,Prince William County
HTP Building 9,Tract,150.0,Loudoun County
HTP Building 3,Tract,150.0,Loudoun County
HTP Building 12,Tract,150.0,Loudoun County
HTP Building 16,Tract,150.0,Loudoun County
HTP Building 2,Tract,150.0,Prince William County
HTP Building 10,Tract,150.0,Loudoun County
HTP Building 8,Tract,150.0,Loudoun County
HTP Building 1,Tract,150.0,Loudoun County
HTP Building 4,Tract,150.0,Fairfax County
Chesterfield County Data Center 6,Tract,32.65,Chesterfield County
Chesterfield County Data Center 4,Tract,32.65,Chesterfield County
Chesterfield County Data Center 9,Tract,32.65,Chesterfield County
Chesterfield County Data Center 7,Tract,32.65,Chesterfield County
Chesterfield County Data Center 5,Tract,32.65,Chesterfield County
Chesterfield County Data Center 1,Tract,32.65,Chesterfield County
Chesterfield County Data Center 3,Tract,32.65,Chesterfield County
Chesterfield County Data Center 10,Tract,32.65,Chesterfield County
Chesterfield County Data Center 2,Tract,32.65,Chesterfield County
Chesterfield County Data Center 8,Tract,32.65,Chesterfield County
Chesterfield County Data Center 11,Tract,32.65,Chesterfield County
VA3-37 Ashburn Data Center Building 7,Vantage Data Centers,41.0,Loudoun County
VA3-35 Ashburn Data Center Building 5,Vantage Data Centers,13.0,Loudoun County
VA3-36 Ashburn Data Center Building 6,Vantage Data Centers,9.0,Loudoun County
NoVA Gateway Data Center 3,Vantage Data Centers,59.714,Loudoun County
Remington Technology Park Building 2,PointOne ,100.0,Loudoun County
Remington Technology Park Building 3,PointOne ,100.0,Loudoun County
Remington Technology Park Building 1,PointOne ,100.0,Loudoun County
Gainesville Crossing Building 3,Corscale,72.0,Prince William County
Gainesville Crossing Building 4,Corscale,72.0,Prince William County
Gainesville Crossing Building 5,Corscale,72.0,Loudoun County
TA Realty Data Center 1,TA Digital Group,86.0,Loudoun County
TA Realty Data Center 2,TA Digital Group,86.0,Prince William County
TA Realty Data Center 4,TA Digital Group,86.0,Loudoun County
TA Realty Data Center 3,TA Digital Group,86.0,Prince William County
TA Realty Data Center 5,TA Digital Group,86.0,Loudoun County
Tech Park at Brambleton Data Center 2,Black Chamber,50.952,Loudoun County
Tech Park at Brambleton Data Center 1,Black Chamber,50.952,Loudoun County
SDC Data Center 2,SDC Capital Partners,41.023,Loudoun County
SDC Data Center 1,SDC Capital Partners,41.023,Loudoun County
VA1 Data Center Building 1,Clean Arc,100.0,Loudoun County
VA1 Data Center Building 2,Clean Arc,100.0,Loudoun County
VA1 Data Center Building 3,Clean Arc,100.0,Loudoun County
SDC Ashburn Data Center Building A,Sabey Data Centers,18.0,Loudoun County
Building 2,SDC Capital Partners,71.239,Loudoun County
Building 1,SDC Capital Partners,71.239,Loudoun County
Dulles 28 Technology Park 2,Black Chamber,,Loudoun County
Dulles 28 Technology Park,Black Chamber,,Loudoun County
MD-DC1 (Herndon),Menlo Digital,67.2,Loudoun County
CTP-03  Richmond,Chirisa Technology Parks,60.0,Chesterfield County
CTP-02  Richmond,Chirisa Technology Parks,60.0,Chesterfield County
 AWS NCTC Building 1,Amazon AWS,70.0,Loudoun County
 AWS NCTC Building 2,Amazon AWS,70.0,Prince William County
AWS Lake Anna Data Center - Building 1,Amazon AWS,44.0,Spotsylvania County
AWS Lake Anna Data Center - Building 2,Amazon AWS,66.0,Louisa County
AWS Lake Anna Data Center - Building 4,Amazon AWS,66.0,Spotsylvania County
AWS Lake Anna Data Center - Building 3,Amazon AWS,66.0,Louisa County
Amazon AWS IAD - Wellington Building 3,Amazon AWS,39.1977777777778,Loudoun County
Amazon AWS IAD - Wellington Building 1,Amazon AWS,73.6007665945166,Loudoun County
Amazon AWS IAD - Wellington Building 2,Amazon AWS,73.6007665945166,Loudoun County
Amazon AWS IAD - 42139 Reeds Farm Building 2,Amazon AWS,60.0,Loudoun County
Amazon AWS IAD - 42139 Reeds Farm Building 1,Amazon AWS,60.0,Loudoun County
Amazon AWS IAD - 42139 Reeds Farm Building 3,Amazon AWS,60.0,Loudoun County
Dean Dr Building 3,Amazon AWS,60.0,Loudoun County
AWS Orrock Building 1,Amazon AWS,70.0,Loudoun County
AWS Orrock Building 2,Amazon AWS,70.0,Prince William County
Dean Dr Building 2,Amazon AWS,60.0,Loudoun County
Building A,Amazon AWS,63.9685100520395,Loudoun County
Building B,Amazon AWS,58.8827651515152,Loudoun County
Dean Dr Building 1,Amazon AWS,60.0,Loudoun County
Amazon AWS IAD - Willard Building 2,Amazon AWS,66.0,Loudoun County
Amazon AWS IAD - Willard Building 3,Amazon AWS,66.0,Loudoun County
Amazon AWS IAD - Willard Building 4,Amazon AWS,66.0,Loudoun County
Amazon AWS IAD - Willard Building 5,Amazon AWS,66.0,Loudoun County
AWS Cosner Building 2,Amazon AWS,60.0,Fredericksburg City
AWS Cosner Building 4,Amazon AWS,60.0,Fredericksburg City
AWS Cosner Building 3,Amazon AWS,60.0,Fredericksburg City
AWS Cosner Building 5,Amazon AWS,39.1977777777778,Stafford County
Amazon AWS IAD502 -  EDS Building 3,Amazon AWS,39.1977777777778,Loudoun County
Amazon AWS IAD501 -  EDS Building 2,Amazon AWS,39.1977777777778,Loudoun County
Amazon AWS IAD - 13600 EDS Building 4,Amazon AWS,60.0,Loudoun County
Amazon AWS IAD500 -  EDS Building 1,Amazon AWS,39.1977777777778,Loudoun County
Amazon AWS - Potomac Building 1,Amazon AWS,58.8827651515152,Arlington County
Amazon AWS - Potomac Building 2,Amazon AWS,22.695,Loudoun County
Amazon AWS - Loisdale Rd Data Center,Amazon AWS,53.43,Fairfax County
MDC2 Northern Virginia,CloudHQ,84.0,Loudoun County
MDC3 Northern Virginia,CloudHQ,84.0,Loudoun County
MDC1 Northern Virginia,CloudHQ,84.0,Loudoun County
LC11 Northern Virginia,CloudHQ,108.0,Loudoun County
LC8 Northern Virginia,CloudHQ,108.0,Loudoun County
Stoneview Data Center,Company Not Disclosed,46.37,Loudoun County
Wellington North Data Center,Company Not Disclosed,,Loudoun County
Chantilly Premier,Company Not Disclosed,36.832,Loudoun County
Word of Grace Data Center 1,Company Not Disclosed,60.0,Loudoun County
Word of Grace Data Center 2,Company Not Disclosed,32.0,Loudoun County
IAD5 - Culpepper Data Center,DataBank,72.0,Culpeper County
IAD4 - Ashburn Campus Data Center,DataBank,20.0,Loudoun County
Aurora,Digital Realty,96.0,Loudoun County
Data Center 5,Digital Realty,96.0,Loudoun County
Data Center 9,Digital Realty,96.0,Loudoun County
Data Center 6,Digital Realty,64.0,Loudoun County
Data Center 8,Digital Realty,64.0,Loudoun County
Digital Realty IAD56 ,Digital Realty,46.127,Loudoun County
AS02 Ashburn Edgecore Datacenter,Edgecore,41.954,Loudoun County
AS01 Ashburn Edgecore Datacenter,Edgecore,72.0,Loudoun County
DC22 Ashburn IBX Data Center,Equinix,10.0,Loudoun County
Google Loudoun County Data Center 3,Google,96.0,Loudoun County
Google Arcola Data Center Building 3,Google,88.0,Loudoun County
Bermuda Data Center 1,Google,96.0,Loudoun County
Microsoft Clarksville Data Center Building 2,Microsoft,54.0,Mecklenburg County
Microsoft Clarksville Data Center Building 1,Microsoft,54.0,Clark County
Microsoft Clarksville Data Center Building 3,Microsoft,54.0,Mecklenburg County
Microsoft Prison Rd Data Center Building 7,Microsoft,54.0,Prince William County
Microsoft Data Center Boydton Building 7,Microsoft,43.2734483849484,Murdering Creek County
Microsoft Data Center Boydton Building 6,Microsoft,54.0,Mecklenburg County
Microsoft Data Center Boydton Building 5,Microsoft,54.0,Mecklenburg County
Microsoft - Growth Mindset Ln (IAD12),Microsoft,32.2025,Loudoun County
Microsoft - 41700 Inclusion Ln (IAD6),Microsoft,30.0,Loudoun County
Microsoft - Growth Mindset Ln (IAD13),Microsoft,32.2025,Loudoun County
VA13 Gainesville Data Center,NTT Global Data Centers,125.0,Prince William County
VA12 Gainesville Data Center,NTT Global Data Centers,125.0,Loudoun County
VA11 Gainesville Data Center,NTT Global Data Centers,125.0,Prince William County
VA9 Ashburn Data Center,NTT Global Data Centers,,Loudoun County
VA7 Ashburn Data Center,NTT Global Data Centers,22.176,Loudoun County
Overview Dr Data Center 4,Power House Data Centers,33.099,Loudoun County
Overview Dr Data Center 2,Power House Data Centers,32.879,Loudoun County
Overview Dr Data Center 3,Power House Data Centers,36.652,Loudoun County
Overview Dr Data Center 1,Power House Data Centers,36.368,Prince William County
PowerHouse Pacific Building 2,Power House Data Centers,88.0,Loudoun County
PowerHouse Pacific Building 3,Power House Data Centers,88.0,Loudoun County
PowerHouse Pacific Building 1,Power House Data Centers,88.0,Prince William County
Power House & Chirisa Building 1,Power House Data Centers,60.0,Loudoun County
RIC3 DC3,QTS Data Centers,34.24,Henrico County
RIC3 DC2,QTS Data Centers,34.24,Henrico County
RIC3 DC5,QTS Data Centers,34.24,Henrico County
RIC3 DC4,QTS Data Centers,34.24,Henrico County
RIC2 DC6,QTS Data Centers,34.24,Henrico County
NVA06 - Northern Virginia Data Center Building 2,STACK Infrastructure,24.0,Loudoun County
NVA02H - Northern Virginia Data Center,STACK Infrastructure,52.0,Loudoun County
NVA02I - Northern Virginia Data Center,STACK Infrastructure,52.0,Loudoun County
NVA02J - Northern Virginia Data Center,STACK Infrastructure,52.0,Loudoun County
NVA02G - Northern Virginia Data Center,STACK Infrastructure,52.0,Loudoun County
NVA05B - Northern Virginia Data Center 2,STACK Infrastructure,48.0,Loudoun County
USTA East Data Center,STACK Infrastructure,34.17,Loudoun County
NVA04 - Northern Virginia Data Center Bldg 3,STACK Infrastructure,47.863,Loudoun County
NVA04 - Northern Virginia Data Center Bldg 1,STACK Infrastructure,47.863,Loudoun County
NVA04 - Northern Virginia Data Center Bldg 2,STACK Infrastructure,47.863,Loudoun County
STC Building 1,STACK Infrastructure,58.0,Prince William County
STC Building 2,STACK Infrastructure,58.0,Loudoun County
VA3-32 Ashburn Data Center Building 2,Vantage Data Centers,41.0,Loudoun County
VA3-34 Ashburn Data Center Building 4,Vantage Data Centers,41.0,Loudoun County
VA3-33 Ashburn Data Center Building 3,Vantage Data Centers,7.0,Loudoun County
NoVA Gateway Data Center 1,Vantage Data Centers,42.334,Loudoun County
NoVA Gateway Data Center 2,Vantage Data Centers,42.334,Loudoun County
VA1-16 Ashburn Data Center Building 6,Vantage Data Centers,35.0,Loudoun County
VA1-15 Ashburn Data Center Building 5,Vantage Data Centers,31.0,Loudoun County
Amazon AWS IAD - John Marshall 2 Building 2,Black Chamber,60.0,Loudoun County
Amazon AWS IAD - John Marshall 2 Building 3,Black Chamber,60.0,Fairfax County
Amazon AWS IAD - John Marshall 2 Building 4,Black Chamber,60.0,Loudoun County
 AWS Culpeper Data Center 1,Amazon AWS,80.0,Culpeper County
Amazon AWS IAD - Mallory Building 3,Amazon AWS,60.0,Loudoun County
Data Center 1,Company Not Disclosed,65.874,Prince William County
Data Center 5,Company Not Disclosed,65.874,Loudoun County
Data Center 9,Company Not Disclosed,65.874,Loudoun County
Data Center 8,Company Not Disclosed,65.874,Loudoun County
Data Center 7,Company Not Disclosed,65.874,Loudoun County
Data Center 2,Company Not Disclosed,65.874,Loudoun County
Data Center 4,Company Not Disclosed,65.874,Loudoun County
Data Center 6,Company Not Disclosed,65.874,Loudoun County
Data Center 3,Company Not Disclosed,65.874,Loudoun County
Henrico Data Center Building 6,Facebook,55.3176428571429,Henrico County
Henrico Data Center Building 7,Facebook,55.3176428571429,Henrico County
Microsoft Hillcrest Building 2,Microsoft,48.0,Arlington County
Microsoft Hillcrest Building 3,Microsoft,48.0,Fairfax County
Microsoft - MNZ01,Microsoft,42.0225,Loudoun County
Microsoft - MNZ02,Microsoft,42.0225,Loudoun County
NVA02F - Northern Virginia Data Center,STACK Infrastructure,52.0,Loudoun County
Remington - Building 1,Gigaland,85.0,Loudoun County
Remington - Building 5,Gigaland,85.0,Fairfax County
Remington - Building 2,Gigaland,85.0,Loudoun County
Remington - Building 7,Gigaland,85.0,Loudoun County
Remington - Building 4,Gigaland,85.0,Loudoun County
Remington - Building 3,Gigaland,85.0,Loudoun County
Remington - Building 6,Gigaland,85.0,Loudoun County
The Catlett Project Building 3,Convergent LLC,52.0,Fauquier County
The Catlett Project Building 4,Convergent LLC,52.0,Fauquier County
The Catlett Project Building 1,Convergent LLC,52.0,Fauquier County
The Catlett Project Building 2,Convergent LLC,52.0,Fauquier County
Dulles 2000 Redevelopment,Black Chamber,,Loudoun County
Roxbury Technology Park,Diode Ventures,,Prince William County
Data Center 18,Amazon AWS,66.9973433678465,Prince William County
Data Center 1,Amazon AWS,66.9973433678465,Prince William County
Data Center 16,Amazon AWS,66.9973433678465,Prince William County
Data Center 6,Amazon AWS,66.9973433678465,Prince William County
Data Center 17,Amazon AWS,66.9973433678465,Loudoun County
Data Center 2,Amazon AWS,66.9973433678465,Prince William County
Data Center 3,Amazon AWS,66.9973433678465,Loudoun County
Data Center 15,Amazon AWS,66.9973433678465,Loudoun County
Data Center 12,Amazon AWS,66.9973433678465,Prince William County
Data Center 10,Amazon AWS,66.9973433678465,Prince William County
Data Center 9,Amazon AWS,66.9973433678465,Loudoun County
Data Center 11,Amazon AWS,66.9973433678465,Loudoun County
Data Center 24,Amazon AWS,66.9973433678465,Prince William County
Data Center 8,Amazon AWS,66.9973433678465,Loudoun County
Data Center 25,Amazon AWS,66.9973433678465,Loudoun County
Data Center 22,Amazon AWS,66.9973433678465,Prince William County
Data Center 4,Amazon AWS,66.9973433678465,Loudoun County
Data Center 21,Amazon AWS,66.9973433678465,Prince William County
Data Center 20,Amazon AWS,66.9973433678465,Loudoun County
Data Center 19,Amazon AWS,66.9973433678465,Prince William County
Data Center 26,Amazon AWS,66.9973433678465,Arlington County
Data Center 14,Amazon AWS,66.9973433678465,Prince William County
Data Center 7,Amazon AWS,66.9973433678465,Prince William County
Data Center 23,Amazon AWS,66.9973433678465,Prince William County
Data Center 5,Amazon AWS,66.9973433678465,Loudoun County
Data Center 13,Amazon AWS,66.9973433678465,Prince William County
Amazon AWS - 8158 Sudley Rd Building 2,Amazon AWS,66.9973433678465,Prince William County
Amazon AWS - 8158 Sudley Rd Building 1,Amazon AWS,66.9973433678465,Prince William County
Amazon AWS - 8158 Sudley Rd Building 3,Amazon AWS,66.9973433678465,Prince William County
Amazon AWS - 8158 Sudley Rd Building 4,Amazon AWS,66.9973433678465,Prince William County
AWS King George Building 4,Amazon AWS,52.8520833333333,King George County
AWS King George Building 1,Amazon AWS,52.8520833333333,King George County
AWS King George Building 8,Amazon AWS,52.8520833333333,King George County
AWS King George Building 7,Amazon AWS,52.8520833333333,King George County
AWS King George Building 6,Amazon AWS,52.8520833333333,King George County
AWS King George Building 5,Amazon AWS,52.8520833333333,King George County
AWS King George Building 2,Amazon AWS,52.8520833333333,King George County
AWS King George Building 3,Amazon AWS,52.8520833333333,King George County
Balico LLC Data Center 7,Company Not Disclosed,61.614,Prince William County
Balico LLC Data Center 6,Company Not Disclosed,61.614,Loudoun County
Balico LLC Data Center 9,Company Not Disclosed,61.614,Prince William County
Balico LLC Data Center 1,Company Not Disclosed,61.614,Loudoun County
Balico LLC Data Center 11,Company Not Disclosed,61.614,Loudoun County
Balico LLC Data Center 3,Company Not Disclosed,61.614,Loudoun County
Balico LLC Data Center 2,Company Not Disclosed,61.614,Albemarle County
Balico LLC Data Center 5,Company Not Disclosed,61.614,Prince William County
Balico LLC Data Center 4,Company Not Disclosed,61.614,Loudoun County
Balico LLC Data Center 12,Company Not Disclosed,61.614,Loudoun County
Balico LLC Data Center 10,Company Not Disclosed,61.614,Loudoun County
Balico LLC Data Center 8,Company Not Disclosed,61.614,Loudoun County
Campbell County Data Center 2,Company Not Disclosed,33.1,Campbell County
Campbell County Data Center 1,Company Not Disclosed,33.1,Campbell County
Campbell County Data Center 3,Company Not Disclosed,33.1,Campbell County
HHHunt Data Center 2,Company Not Disclosed,60.349,Loudoun County
HHHunt Data Center 8,Company Not Disclosed,60.349,Loudoun County
HHHunt Data Center 3,Company Not Disclosed,60.349,Loudoun County
HHHunt Data Center 9,Company Not Disclosed,60.349,Loudoun County
HHHunt Data Center 10,Company Not Disclosed,60.349,Loudoun County
HHHunt Data Center 7,Company Not Disclosed,60.349,Loudoun County
HHHunt Data Center 5,Company Not Disclosed,60.349,Loudoun County
HHHunt Data Center 4,Company Not Disclosed,60.349,Loudoun County
HHHunt Data Center 6,Company Not Disclosed,60.349,Loudoun County
HHHunt Data Center 1,Company Not Disclosed,60.349,Fairfax County
Oaklawn Data Center ,Company Not Disclosed,66.263,Fairfax County
Hornbaker Rd Data Center,Company Not Disclosed,,Loudoun County
Fredericksburg Data Ceter 2,Company Not Disclosed,71.495,Spotsylvania County
Fredericksburg Data Ceter 4,Company Not Disclosed,71.495,Spotsylvania County
Fredericksburg Data Ceter 3,Company Not Disclosed,71.495,Spotsylvania County
Fredericksburg Data Ceter 1 ,Company Not Disclosed,71.495,Spotsylvania County
Darbytown Data Center 7,Company Not Disclosed,,Henrico County
Darbytown Data Center 3,Company Not Disclosed,,Chesterfield County
Darbytown Data Center 5,Company Not Disclosed,,Henrico County
Darbytown Data Center 4,Company Not Disclosed,,Henrico County
Darbytown Data Center 1,Company Not Disclosed,,Henrico County
Darbytown Data Center 6,Company Not Disclosed,,Chesterfield County
Darbytown Data Center 8,Company Not Disclosed,,Henrico County
Darbytown Data Center 2,Company Not Disclosed,,Henrico County
Compass Data Center 15,Compass Datacenters,71.095,Loudoun County
Compass Data Center 20,Compass Datacenters,71.095,Loudoun County
Compass Data Center 7,Compass Datacenters,71.095,Prince William County
Compass Data Center 23,Compass Datacenters,71.095,Loudoun County
Compass Data Center 9,Compass Datacenters,71.095,Loudoun County
Compass Data Center 22,Compass Datacenters,71.095,Prince William County
Compass Data Center 6,Compass Datacenters,71.095,Loudoun County
Compass Data Center 4,Compass Datacenters,71.095,Prince William County
Compass Data Center 19,Compass Datacenters,71.095,Loudoun County
Compass Data Center 11,Compass Datacenters,71.095,Prince William County
Compass Data Center 1,Compass Datacenters,71.095,Loudoun County
Compass Data Center 10,Compass Datacenters,71.095,Prince William County
Compass Data Center 21,Compass Datacenters,71.095,Prince William County
Compass Data Center 16,Compass Datacenters,71.095,Prince William County
Compass Data Center 17,Compass Datacenters,71.095,Prince William County
Compass Data Center 14,Compass Datacenters,71.095,Loudoun County
Compass Data Center 18,Compass Datacenters,71.095,Loudoun County
Compass Data Center 13,Compass Datacenters,71.095,Prince William County
Compass Data Center 2,Compass Datacenters,71.095,Prince William County
Compass Data Center 3,Compass Datacenters,71.095,Prince William County
Compass Data Center 12,Compass Datacenters,71.095,Prince William County
Compass Data Center 8,Compass Datacenters,71.095,Prince William County
Compass Data Center 5,Compass Datacenters,71.095,Loudoun County
QTS Data Center 23,QTS Data Centers,71.123,Prince William County
QTS Data Center 10,QTS Data Centers,71.123,Prince William County
QTS Data Center 5,QTS Data Centers,71.123,Prince William County
QTS Data Center 4,QTS Data Centers,71.123,Prince William County
QTS Data Center 3,QTS Data Centers,71.123,Prince William County
QTS Data Center 17,QTS Data Centers,71.123,Prince William County
QTS Data Center 6,QTS Data Centers,71.123,Prince William County
QTS Data Center 18,QTS Data Centers,71.123,Prince William County
QTS Data Center 21,QTS Data Centers,71.123,Prince William County
QTS Data Center 7,QTS Data Centers,71.123,Prince William County
QTS Data Center 16,QTS Data Centers,71.123,Prince William County
QTS Data Center 12,QTS Data Centers,71.123,Prince William County
QTS Data Center 11,QTS Data Centers,71.123,Henrico County
QTS Data Center 13,QTS Data Centers,71.123,Prince William County
QTS Data Center 14,QTS Data Centers,71.123,Prince William County
QTS Data Center 15,QTS Data Centers,71.123,Prince William County
QTS Data Center 2,QTS Data Centers,71.123,Prince William County
QTS Data Center 22,QTS Data Centers,71.123,Prince William County
QTS Data Center 9,QTS Data Centers,71.123,Prince William County
QTS Data Center 19,QTS Data Centers,71.123,Chesterfield County
QTS Data Center 1,QTS Data Centers,71.123,Prince William County
QTS Data Center 8,QTS Data Centers,71.123,Prince William County
QTS Data Center 20,QTS Data Centers,71.123,Prince William County
NVA02L - Northern Virginia Data Center,STACK Infrastructure,51.8,Loudoun County
NVA02K - Northern Virginia Data Center,STACK Infrastructure,51.8,Loudoun County
